.TW,no,code,name
.TW,1101,1101.TW,台泥
.TW,1102,1102.TW,亞泥
.TW,1103,1103.TW,嘉泥
.TW,1104,1104.TW,環泥
.TW,1108,1108.TW,幸福
.TW,1109,1109.TW,信大
.TW,1110,1110.TW,東泥
.TW,1201,1201.TW,味全
.TW,1203,1203.TW,味王
.TW,1210,1210.TW,大成
.TW,1213,1213.TW,大飲
.TW,1215,1215.TW,卜蜂
.TW,1216,1216.TW,統一
.TW,1217,1217.TW,愛之味
.TW,1218,1218.TW,泰山
.TW,1219,1219.TW,福壽
.TW,1220,1220.TW,台榮
.TW,1225,1225.TW,福懋油
.TW,1227,1227.TW,佳格
.TW,1229,1229.TW,聯華
.TW,1231,1231.TW,聯華食
.TW,1232,1232.TW,大統益
.TW,1233,1233.TW,天仁
.TW,1234,1234.TW,黑松
.TW,1235,1235.TW,興泰
.TW,1236,1236.TW,宏亞
.TW,1256,1256.TW,鮮活果汁-KY
.TW,1301,1301.TW,台塑
.TW,1303,1303.TW,南亞
.TW,1304,1304.TW,台聚
.TW,1305,1305.TW,華夏
.TW,1307,1307.TW,三芳
.TW,1308,1308.TW,亞聚
.TW,1309,1309.TW,台達化
.TW,1310,1310.TW,台苯
.TW,1312,1312.TW,國喬
.TW,1313,1313.TW,聯成
.TW,1314,1314.TW,中石化
.TW,1315,1315.TW,達新
.TW,1316,1316.TW,上曜
.TW,1319,1319.TW,東陽
.TW,1321,1321.TW,大洋
.TW,1323,1323.TW,永裕
.TW,1324,1324.TW,地球
.TW,1325,1325.TW,恆大
.TW,1326,1326.TW,台化
.TW,1337,1337.TW,再生-KY
.TW,1338,1338.TW,廣華-KY
.TW,1339,1339.TW,昭輝
.TW,1340,1340.TW,勝悅-KY
.TW,1341,1341.TW,富林-KY
.TW,1342,1342.TW,八貫
.TW,1402,1402.TW,遠東新
.TW,1409,1409.TW,新纖
.TW,1410,1410.TW,南染
.TW,1413,1413.TW,宏洲
.TW,1414,1414.TW,東和
.TW,1416,1416.TW,廣豐
.TW,1417,1417.TW,嘉裕
.TW,1418,1418.TW,東華
.TW,1419,1419.TW,新紡
.TW,1423,1423.TW,利華
.TW,1432,1432.TW,大魯閣
.TW,1434,1434.TW,福懋
.TW,1435,1435.TW,中福
.TW,1436,1436.TW,華友聯
.TW,1437,1437.TW,勤益控
.TW,1438,1438.TW,三地開發
.TW,1439,1439.TW,雋揚
.TW,1440,1440.TW,南紡
.TW,1441,1441.TW,大東
.TW,1442,1442.TW,名軒
.TW,1443,1443.TW,立益物流
.TW,1444,1444.TW,力麗
.TW,1445,1445.TW,大宇
.TW,1446,1446.TW,宏和
.TW,1447,1447.TW,力鵬
.TW,1449,1449.TW,佳和
.TW,1451,1451.TW,年興
.TW,1452,1452.TW,宏益
.TW,1453,1453.TW,大將
.TW,1454,1454.TW,台富
.TW,1455,1455.TW,集盛
.TW,1456,1456.TW,怡華
.TW,1457,1457.TW,宜進
.TW,1459,1459.TW,聯發
.TW,1460,1460.TW,宏遠
.TW,1463,1463.TW,強盛新
.TW,1464,1464.TW,得力
.TW,1465,1465.TW,偉全
.TW,1466,1466.TW,聚隆
.TW,1467,1467.TW,南緯
.TW,1468,1468.TW,昶和
.TW,1470,1470.TW,大統新創
.TW,1471,1471.TW,首利
.TW,1472,1472.TW,三洋實業
.TW,1473,1473.TW,台南
.TW,1474,1474.TW,弘裕
.TW,1475,1475.TW,業旺
.TW,1476,1476.TW,儒鴻
.TW,1477,1477.TW,聚陽
.TW,1503,1503.TW,士電
.TW,1504,1504.TW,東元
.TW,1506,1506.TW,正道
.TW,1512,1512.TW,瑞利
.TW,1513,1513.TW,中興電
.TW,1514,1514.TW,亞力
.TW,1515,1515.TW,力山
.TW,1516,1516.TW,川飛
.TW,1517,1517.TW,利奇
.TW,1519,1519.TW,華城
.TW,1521,1521.TW,大億
.TW,1522,1522.TW,堤維西
.TW,1524,1524.TW,耿鼎
.TW,1525,1525.TW,江申
.TW,1526,1526.TW,日馳
.TW,1527,1527.TW,鑽全
.TW,1528,1528.TW,恩德
.TW,1529,1529.TW,樂事綠能
.TW,1530,1530.TW,亞崴
.TW,1531,1531.TW,高林股
.TW,1532,1532.TW,勤美
.TW,1533,1533.TW,車王電
.TW,1535,1535.TW,中宇
.TW,1536,1536.TW,和大
.TW,1537,1537.TW,廣隆
.TW,1538,1538.TW,正峰
.TW,1539,1539.TW,巨庭
.TW,1540,1540.TW,喬福
.TW,1541,1541.TW,錩泰
.TW,1558,1558.TW,伸興
.TW,1560,1560.TW,中砂
.TW,1563,1563.TW,巧新
.TW,1568,1568.TW,倉佑
.TW,1582,1582.TW,信錦
.TW,1583,1583.TW,程泰
.TW,1587,1587.TW,吉茂
.TW,1589,1589.TW,永冠-KY
.TW,1590,1590.TW,亞德客-KY
.TW,1597,1597.TW,直得
.TW,1598,1598.TW,岱宇
.TW,1603,1603.TW,華電
.TW,1604,1604.TW,聲寶
.TW,1605,1605.TW,華新
.TW,1608,1608.TW,華榮
.TW,1609,1609.TW,大亞
.TW,1611,1611.TW,中電
.TW,1612,1612.TW,宏泰
.TW,1614,1614.TW,三洋電
.TW,1615,1615.TW,大山
.TW,1616,1616.TW,億泰
.TW,1617,1617.TW,榮星
.TW,1618,1618.TW,合機
.TW,1626,1626.TW,艾美特-KY
.TW,1702,1702.TW,南僑
.TW,1707,1707.TW,葡萄王
.TW,1708,1708.TW,東鹼
.TW,1709,1709.TW,和益
.TW,1710,1710.TW,東聯
.TW,1711,1711.TW,永光
.TW,1712,1712.TW,興農
.TW,1713,1713.TW,國化
.TW,1714,1714.TW,和桐
.TW,1717,1717.TW,長興
.TW,1718,1718.TW,中纖
.TW,1720,1720.TW,生達
.TW,1721,1721.TW,三晃
.TW,1722,1722.TW,台肥
.TW,1723,1723.TW,中碳
.TW,1725,1725.TW,元禎
.TW,1726,1726.TW,永記
.TW,1727,1727.TW,中華化
.TW,1730,1730.TW,花仙子
.TW,1731,1731.TW,美吾華
.TW,1732,1732.TW,毛寶
.TW,1733,1733.TW,五鼎
.TW,1734,1734.TW,杏輝
.TW,1735,1735.TW,日勝化
.TW,1736,1736.TW,喬山
.TW,1737,1737.TW,臺鹽
.TW,1752,1752.TW,南光
.TW,1760,1760.TW,寶齡富錦
.TW,1762,1762.TW,中化生
.TW,1773,1773.TW,勝一
.TW,1776,1776.TW,展宇
.TW,1783,1783.TW,和康生
.TW,1786,1786.TW,科妍
.TW,1789,1789.TW,神隆
.TW,1795,1795.TW,美時
.TW,1802,1802.TW,台玻
.TW,1805,1805.TW,寶徠
.TW,1806,1806.TW,冠軍
.TW,1808,1808.TW,潤隆
.TW,1809,1809.TW,中釉
.TW,1810,1810.TW,和成
.TW,1817,1817.TW,凱撒衛
.TW,1903,1903.TW,士紙
.TW,1904,1904.TW,正隆
.TW,1905,1905.TW,華紙
.TW,1906,1906.TW,寶隆
.TW,1907,1907.TW,永豐餘
.TW,1909,1909.TW,榮成
.TW,2002,2002.TW,中鋼
.TW,2006,2006.TW,東和鋼鐵
.TW,2007,2007.TW,燁興
.TW,2008,2008.TW,高興昌
.TW,2009,2009.TW,第一銅
.TW,2010,2010.TW,春源
.TW,2012,2012.TW,春雨
.TW,2013,2013.TW,中鋼構
.TW,2014,2014.TW,中鴻
.TW,2015,2015.TW,豐興
.TW,2017,2017.TW,官田鋼
.TW,2020,2020.TW,美亞
.TW,2022,2022.TW,聚亨
.TW,2023,2023.TW,燁輝
.TW,2024,2024.TW,志聯
.TW,2025,2025.TW,千興
.TW,2027,2027.TW,大成鋼
.TW,2028,2028.TW,威致
.TW,2029,2029.TW,盛餘
.TW,2030,2030.TW,彰源
.TW,2031,2031.TW,新光鋼
.TW,2032,2032.TW,新鋼
.TW,2033,2033.TW,佳大
.TW,2034,2034.TW,允強
.TW,2038,2038.TW,海光
.TW,2049,2049.TW,上銀
.TW,2059,2059.TW,川湖
.TW,2062,2062.TW,橋椿
.TW,2069,2069.TW,運錩
.TW,2101,2101.TW,南港
.TW,2102,2102.TW,泰豐
.TW,2103,2103.TW,台橡
.TW,2104,2104.TW,國際中橡
.TW,2105,2105.TW,正新
.TW,2106,2106.TW,建大
.TW,2107,2107.TW,厚生
.TW,2108,2108.TW,南帝
.TW,2109,2109.TW,華豐
.TW,2114,2114.TW,鑫永銓
.TW,2115,2115.TW,六暉-KY
.TW,2201,2201.TW,裕隆
.TW,2204,2204.TW,中華
.TW,2206,2206.TW,三陽工業
.TW,2207,2207.TW,和泰車
.TW,2208,2208.TW,台船
.TW,2211,2211.TW,長榮鋼
.TW,2227,2227.TW,裕日車
.TW,2228,2228.TW,劍麟
.TW,2231,2231.TW,為升
.TW,2233,2233.TW,宇隆
.TW,2236,2236.TW,百達-KY
.TW,2239,2239.TW,英利-KY
.TW,2241,2241.TW,艾姆勒
.TW,2243,2243.TW,宏旭-KY
.TW,2247,2247.TW,汎德永業
.TW,2248,2248.TW,華勝-KY
.TW,2250,2250.TW,IKKA-KY
.TW,2254,2254.TW,巨鎧精密-創
.TW,2258,2258.TW,鴻華先進-創
.TW,2301,2301.TW,光寶科
.TW,2302,2302.TW,麗正
.TW,2303,2303.TW,聯電
.TW,2305,2305.TW,全友
.TW,2308,2308.TW,台達電
.TW,2312,2312.TW,金寶
.TW,2313,2313.TW,華通
.TW,2314,2314.TW,台揚
.TW,2316,2316.TW,楠梓電
.TW,2317,2317.TW,鴻海
.TW,2321,2321.TW,東訊
.TW,2323,2323.TW,中環
.TW,2324,2324.TW,仁寶
.TW,2327,2327.TW,國巨
.TW,2328,2328.TW,廣宇
.TW,2329,2329.TW,華泰
.TW,2330,2330.TW,台積電
.TW,2331,2331.TW,精英
.TW,2332,2332.TW,友訊
.TW,2337,2337.TW,旺宏
.TW,2338,2338.TW,光罩
.TW,2340,2340.TW,台亞
.TW,2342,2342.TW,茂矽
.TW,2344,2344.TW,華邦電
.TW,2345,2345.TW,智邦
.TW,2347,2347.TW,聯強
.TW,2348,2348.TW,海悅
.TW,2349,2349.TW,錸德
.TW,2351,2351.TW,順德
.TW,2352,2352.TW,佳世達
.TW,2353,2353.TW,宏碁
.TW,2354,2354.TW,鴻準
.TW,2355,2355.TW,敬鵬
.TW,2356,2356.TW,英業達
.TW,2357,2357.TW,華碩
.TW,2359,2359.TW,所羅門
.TW,2360,2360.TW,致茂
.TW,2362,2362.TW,藍天
.TW,2363,2363.TW,矽統
.TW,2364,2364.TW,倫飛
.TW,2365,2365.TW,昆盈
.TW,2367,2367.TW,燿華
.TW,2368,2368.TW,金像電
.TW,2369,2369.TW,菱生
.TW,2371,2371.TW,大同
.TW,2373,2373.TW,震旦行
.TW,2374,2374.TW,佳能
.TW,2375,2375.TW,凱美
.TW,2376,2376.TW,技嘉
.TW,2377,2377.TW,微星
.TW,2379,2379.TW,瑞昱
.TW,2380,2380.TW,虹光
.TW,2382,2382.TW,廣達
.TW,2383,2383.TW,台光電
.TW,2385,2385.TW,群光
.TW,2387,2387.TW,精元
.TW,2388,2388.TW,威盛
.TW,2390,2390.TW,云辰
.TW,2392,2392.TW,正崴
.TW,2393,2393.TW,億光
.TW,2395,2395.TW,研華
.TW,2397,2397.TW,友通
.TW,2399,2399.TW,映泰
.TW,2401,2401.TW,凌陽
.TW,2402,2402.TW,毅嘉
.TW,2404,2404.TW,漢唐
.TW,2405,2405.TW,輔信
.TW,2406,2406.TW,國碩
.TW,2408,2408.TW,南亞科
.TW,2409,2409.TW,友達
.TW,2412,2412.TW,中華電
.TW,2413,2413.TW,環科
.TW,2414,2414.TW,精技
.TW,2415,2415.TW,錩新
.TW,2417,2417.TW,圓剛
.TW,2419,2419.TW,仲琦
.TW,2420,2420.TW,新巨
.TW,2421,2421.TW,建準
.TW,2423,2423.TW,固緯
.TW,2424,2424.TW,隴華
.TW,2425,2425.TW,承啟
.TW,2426,2426.TW,鼎元
.TW,2427,2427.TW,三商電
.TW,2428,2428.TW,興勤
.TW,2429,2429.TW,銘旺科
.TW,2430,2430.TW,燦坤
.TW,2431,2431.TW,聯昌
.TW,2432,2432.TW,倚天酷碁-創
.TW,2433,2433.TW,互盛電
.TW,2434,2434.TW,統懋
.TW,2436,2436.TW,偉詮電
.TW,2438,2438.TW,翔耀
.TW,2439,2439.TW,美律
.TW,2440,2440.TW,太空梭
.TW,2441,2441.TW,超豐
.TW,2442,2442.TW,新美齊
.TW,2444,2444.TW,兆勁
.TW,2449,2449.TW,京元電子
.TW,2450,2450.TW,神腦
.TW,2451,2451.TW,創見
.TW,2453,2453.TW,凌群
.TW,2454,2454.TW,聯發科
.TW,2455,2455.TW,全新
.TW,2457,2457.TW,飛宏
.TW,2458,2458.TW,義隆
.TW,2459,2459.TW,敦吉
.TW,2460,2460.TW,建通
.TW,2461,2461.TW,光群雷
.TW,2462,2462.TW,良得電
.TW,2464,2464.TW,盟立
.TW,2465,2465.TW,麗臺
.TW,2466,2466.TW,冠西電
.TW,2467,2467.TW,志聖
.TW,2468,2468.TW,華經
.TW,2471,2471.TW,資通
.TW,2472,2472.TW,立隆電
.TW,2474,2474.TW,可成
.TW,2476,2476.TW,鉅祥
.TW,2477,2477.TW,美隆電
.TW,2478,2478.TW,大毅
.TW,2480,2480.TW,敦陽科
.TW,2481,2481.TW,強茂
.TW,2482,2482.TW,連宇
.TW,2483,2483.TW,百容
.TW,2484,2484.TW,希華
.TW,2485,2485.TW,兆赫
.TW,2486,2486.TW,一詮
.TW,2488,2488.TW,漢平
.TW,2489,2489.TW,瑞軒
.TW,2491,2491.TW,吉祥全
.TW,2492,2492.TW,華新科
.TW,2493,2493.TW,揚博
.TW,2495,2495.TW,普安
.TW,2496,2496.TW,卓越
.TW,2497,2497.TW,怡利電
.TW,2498,2498.TW,宏達電
.TW,2501,2501.TW,國建
.TW,2504,2504.TW,國產
.TW,2505,2505.TW,國揚
.TW,2506,2506.TW,太設
.TW,2509,2509.TW,全坤建
.TW,2511,2511.TW,太子
.TW,2514,2514.TW,龍邦
.TW,2515,2515.TW,中工
.TW,2516,2516.TW,新建
.TW,2520,2520.TW,冠德
.TW,2524,2524.TW,京城
.TW,2527,2527.TW,宏璟
.TW,2528,2528.TW,皇普
.TW,2530,2530.TW,華建
.TW,2534,2534.TW,宏盛
.TW,2535,2535.TW,達欣工
.TW,2536,2536.TW,宏普
.TW,2537,2537.TW,聯上發
.TW,2538,2538.TW,基泰
.TW,2539,2539.TW,櫻花建
.TW,2540,2540.TW,愛山林
.TW,2542,2542.TW,興富發
.TW,2543,2543.TW,皇昌
.TW,2545,2545.TW,皇翔
.TW,2546,2546.TW,根基
.TW,2547,2547.TW,日勝生
.TW,2548,2548.TW,華固
.TW,2597,2597.TW,潤弘
.TW,2601,2601.TW,益航
.TW,2603,2603.TW,長榮
.TW,2605,2605.TW,新興
.TW,2606,2606.TW,裕民
.TW,2607,2607.TW,榮運
.TW,2608,2608.TW,嘉里大榮
.TW,2609,2609.TW,陽明
.TW,2610,2610.TW,華航
.TW,2611,2611.TW,志信
.TW,2612,2612.TW,中航
.TW,2613,2613.TW,中櫃
.TW,2614,2614.TW,東森
.TW,2615,2615.TW,萬海
.TW,2616,2616.TW,山隆
.TW,2617,2617.TW,台航
.TW,2618,2618.TW,長榮航
.TW,2630,2630.TW,亞航
.TW,2633,2633.TW,台灣高鐵
.TW,2634,2634.TW,漢翔
.TW,2636,2636.TW,台驊控股
.TW,2637,2637.TW,慧洋-KY
.TW,2642,2642.TW,宅配通
.TW,2645,2645.TW,長榮航太
.TW,2646,2646.TW,星宇航空
.TW,2701,2701.TW,萬企
.TW,2702,2702.TW,華園
.TW,2704,2704.TW,國賓
.TW,2705,2705.TW,六福
.TW,2706,2706.TW,第一店
.TW,2707,2707.TW,晶華
.TW,2712,2712.TW,遠雄來
.TW,2722,2722.TW,夏都
.TW,2723,2723.TW,美食-KY
.TW,2727,2727.TW,王品
.TW,2731,2731.TW,雄獅
.TW,2739,2739.TW,寒舍
.TW,2748,2748.TW,雲品
.TW,2753,2753.TW,八方雲集
.TW,2762,2762.TW,世界健身-KY
.TW,2801,2801.TW,彰銀
.TW,2809,2809.TW,京城銀
.TW,2812,2812.TW,台中銀
.TW,2816,2816.TW,旺旺保
.TW,2820,2820.TW,華票
.TW,2832,2832.TW,台產
.TW,2834,2834.TW,臺企銀
.TW,2836,2836.TW,高雄銀
.TW,2838,2838.TW,聯邦銀
.TW,2845,2845.TW,遠東銀
.TW,2849,2849.TW,安泰銀
.TW,2850,2850.TW,新產
.TW,2851,2851.TW,中再保
.TW,2852,2852.TW,第一保
.TW,2855,2855.TW,統一證
.TW,2867,2867.TW,三商壽
.TW,2880,2880.TW,華南金
.TW,2881,2881.TW,富邦金
.TW,2882,2882.TW,國泰金
.TW,2883,2883.TW,凱基金
.TW,2884,2884.TW,玉山金
.TW,2885,2885.TW,元大金
.TW,2886,2886.TW,兆豐金
.TW,2887,2887.TW,台新金
.TW,2889,2889.TW,國票金
.TW,2890,2890.TW,永豐金
.TW,2891,2891.TW,中信金
.TW,2892,2892.TW,第一金
.TW,2897,2897.TW,王道銀行
.TW,2901,2901.TW,欣欣
.TW,2903,2903.TW,遠百
.TW,2904,2904.TW,匯僑
.TW,2905,2905.TW,三商
.TW,2906,2906.TW,高林
.TW,2908,2908.TW,特力
.TW,2910,2910.TW,統領
.TW,2911,2911.TW,麗嬰房
.TW,2912,2912.TW,統一超
.TW,2913,2913.TW,農林
.TW,2915,2915.TW,潤泰全
.TW,2923,2923.TW,鼎固-KY
.TW,2929,2929.TW,淘帝-KY
.TW,2939,2939.TW,永邑-KY
.TW,2945,2945.TW,三商家購
.TW,3002,3002.TW,歐格
.TW,3003,3003.TW,健和興
.TW,3004,3004.TW,豐達科
.TW,3005,3005.TW,神基
.TW,3006,3006.TW,晶豪科
.TW,3008,3008.TW,大立光
.TW,3010,3010.TW,華立
.TW,3011,3011.TW,今皓
.TW,3013,3013.TW,晟銘電
.TW,3014,3014.TW,聯陽
.TW,3015,3015.TW,全漢
.TW,3016,3016.TW,嘉晶
.TW,3017,3017.TW,奇鋐
.TW,3018,3018.TW,隆銘綠能
.TW,3019,3019.TW,亞光
.TW,3021,3021.TW,鴻名
.TW,3022,3022.TW,威強電
.TW,3023,3023.TW,信邦
.TW,3024,3024.TW,憶聲
.TW,3025,3025.TW,星通
.TW,3026,3026.TW,禾伸堂
.TW,3027,3027.TW,盛達
.TW,3028,3028.TW,增你強
.TW,3029,3029.TW,零壹
.TW,3030,3030.TW,德律
.TW,3031,3031.TW,佰鴻
.TW,3032,3032.TW,偉訓
.TW,3033,3033.TW,威健
.TW,3034,3034.TW,聯詠
.TW,3035,3035.TW,智原
.TW,3036,3036.TW,文曄
.TW,3037,3037.TW,欣興
.TW,3038,3038.TW,全台
.TW,3040,3040.TW,遠見
.TW,3041,3041.TW,揚智
.TW,3042,3042.TW,晶技
.TW,3043,3043.TW,科風
.TW,3044,3044.TW,健鼎
.TW,3045,3045.TW,台灣大
.TW,3046,3046.TW,建碁
.TW,3047,3047.TW,訊舟
.TW,3048,3048.TW,益登
.TW,3049,3049.TW,精金
.TW,3050,3050.TW,鈺德
.TW,3051,3051.TW,力特
.TW,3052,3052.TW,夆典
.TW,3054,3054.TW,立萬利
.TW,3055,3055.TW,蔚華科
.TW,3056,3056.TW,富華新
.TW,3057,3057.TW,喬鼎
.TW,3058,3058.TW,立德
.TW,3059,3059.TW,華晶科
.TW,3060,3060.TW,銘異
.TW,3062,3062.TW,建漢
.TW,3090,3090.TW,日電貿
.TW,3092,3092.TW,鴻碩
.TW,3094,3094.TW,聯傑
.TW,3130,3130.TW,一零四
.TW,3135,3135.TW,凌航
.TW,3138,3138.TW,耀登
.TW,3149,3149.TW,正達
.TW,3150,3150.TW,鈺寶-創
.TW,3164,3164.TW,景岳
.TW,3167,3167.TW,大量
.TW,3168,3168.TW,眾福科
.TW,3189,3189.TW,景碩
.TW,3209,3209.TW,全科
.TW,3229,3229.TW,晟鈦
.TW,3231,3231.TW,緯創
.TW,3257,3257.TW,虹冠電
.TW,3266,3266.TW,昇陽
.TW,3296,3296.TW,勝德
.TW,3305,3305.TW,昇貿
.TW,3308,3308.TW,聯德
.TW,3311,3311.TW,閎暉
.TW,3312,3312.TW,弘憶股
.TW,3321,3321.TW,同泰
.TW,3338,3338.TW,泰碩
.TW,3346,3346.TW,麗清
.TW,3356,3356.TW,奇偶
.TW,3376,3376.TW,新日興
.TW,3380,3380.TW,明泰
.TW,3406,3406.TW,玉晶光
.TW,3413,3413.TW,京鼎
.TW,3416,3416.TW,融程電
.TW,3419,3419.TW,譁裕
.TW,3432,3432.TW,台端
.TW,3437,3437.TW,榮創
.TW,3443,3443.TW,創意
.TW,3447,3447.TW,展達
.TW,3450,3450.TW,聯鈞
.TW,3454,3454.TW,晶睿
.TW,3481,3481.TW,群創
.TW,3494,3494.TW,誠研
.TW,3501,3501.TW,維熹
.TW,3504,3504.TW,揚明光
.TW,3515,3515.TW,華擎
.TW,3518,3518.TW,柏騰
.TW,3528,3528.TW,安馳
.TW,3530,3530.TW,晶相光
.TW,3532,3532.TW,台勝科
.TW,3533,3533.TW,嘉澤
.TW,3535,3535.TW,晶彩科
.TW,3543,3543.TW,州巧
.TW,3545,3545.TW,敦泰
.TW,3550,3550.TW,聯穎
.TW,3557,3557.TW,嘉威
.TW,3563,3563.TW,牧德
.TW,3576,3576.TW,聯合再生
.TW,3583,3583.TW,辛耘
.TW,3588,3588.TW,通嘉
.TW,3591,3591.TW,艾笛森
.TW,3592,3592.TW,瑞鼎
.TW,3593,3593.TW,力銘
.TW,3596,3596.TW,智易
.TW,3605,3605.TW,宏致
.TW,3607,3607.TW,谷崧
.TW,3617,3617.TW,碩天
.TW,3622,3622.TW,洋華
.TW,3645,3645.TW,達邁
.TW,3652,3652.TW,精聯
.TW,3653,3653.TW,健策
.TW,3661,3661.TW,世芯-KY
.TW,3665,3665.TW,貿聯-KY
.TW,3669,3669.TW,圓展
.TW,3673,3673.TW,TPK-KY
.TW,3679,3679.TW,新至陞
.TW,3686,3686.TW,達能
.TW,3694,3694.TW,海華
.TW,3701,3701.TW,大眾控
.TW,3702,3702.TW,大聯大
.TW,3703,3703.TW,欣陸
.TW,3704,3704.TW,合勤控
.TW,3705,3705.TW,永信
.TW,3706,3706.TW,神達
.TW,3708,3708.TW,上緯投控
.TW,3711,3711.TW,日月光投控
.TW,3712,3712.TW,永崴投控
.TW,3714,3714.TW,富采
.TW,3715,3715.TW,定穎投控
.TW,3716,3716.TW,中化控股
.TW,4104,4104.TW,佳醫
.TW,4106,4106.TW,雃博
.TW,4108,4108.TW,懷特
.TW,4119,4119.TW,旭富
.TW,4133,4133.TW,亞諾法
.TW,4137,4137.TW,麗豐-KY
.TW,4142,4142.TW,國光生
.TW,4148,4148.TW,全宇生技-KY
.TW,4155,4155.TW,訊映
.TW,4164,4164.TW,承業醫
.TW,4190,4190.TW,佐登-KY
.TW,4306,4306.TW,炎洲
.TW,4414,4414.TW,如興
.TW,4426,4426.TW,利勤
.TW,4438,4438.TW,廣越
.TW,4439,4439.TW,冠星-KY
.TW,4440,4440.TW,宜新實業
.TW,4526,4526.TW,東台
.TW,4532,4532.TW,瑞智
.TW,4536,4536.TW,拓凱
.TW,4540,4540.TW,全球傳動
.TW,4545,4545.TW,銘鈺
.TW,4551,4551.TW,智伸科
.TW,4552,4552.TW,力達-KY
.TW,4555,4555.TW,氣立
.TW,4557,4557.TW,永新-KY
.TW,4560,4560.TW,強信-KY
.TW,4562,4562.TW,穎漢
.TW,4564,4564.TW,元翎
.TW,4566,4566.TW,時碩工業
.TW,4569,4569.TW,六方科-KY
.TW,4571,4571.TW,鈞興-KY
.TW,4572,4572.TW,駐龍
.TW,4576,4576.TW,大銀微系統
.TW,4581,4581.TW,光隆精密-KY
.TW,4583,4583.TW,台灣精銳
.TW,4588,4588.TW,玖鼎電力
.TW,4720,4720.TW,德淵
.TW,4722,4722.TW,國精化
.TW,4736,4736.TW,泰博
.TW,4737,4737.TW,華廣
.TW,4739,4739.TW,康普
.TW,4746,4746.TW,台耀
.TW,4755,4755.TW,三福化
.TW,4763,4763.TW,材料*-KY
.TW,4764,4764.TW,雙鍵
.TW,4766,4766.TW,南寶
.TW,4770,4770.TW,上品
.TW,4771,4771.TW,望隼
.TW,4807,4807.TW,日成-KY
.TW,4904,4904.TW,遠傳
.TW,4906,4906.TW,正文
.TW,4912,4912.TW,聯德控股-KY
.TW,4915,4915.TW,致伸
.TW,4916,4916.TW,事欣科
.TW,4919,4919.TW,新唐
.TW,4927,4927.TW,泰鼎-KY
.TW,4930,4930.TW,燦星網
.TW,4934,4934.TW,太極
.TW,4935,4935.TW,茂林-KY
.TW,4938,4938.TW,和碩
.TW,4942,4942.TW,嘉彰
.TW,4943,4943.TW,康控-KY
.TW,4949,4949.TW,有成精密
.TW,4952,4952.TW,凌通
.TW,4956,4956.TW,光鋐
.TW,4958,4958.TW,臻鼎-KY
.TW,4960,4960.TW,誠美材
.TW,4961,4961.TW,天鈺
.TW,4967,4967.TW,十銓
.TW,4968,4968.TW,立積
.TW,4976,4976.TW,佳凌
.TW,4977,4977.TW,眾達-KY
.TW,4989,4989.TW,榮科
.TW,4994,4994.TW,傳奇
.TW,4999,4999.TW,鑫禾
.TW,5007,5007.TW,三星
.TW,5203,5203.TW,訊連
.TW,5215,5215.TW,科嘉-KY
.TW,5222,5222.TW,全訊
.TW,5225,5225.TW,東科-KY
.TW,5234,5234.TW,達興材料
.TW,5243,5243.TW,乙盛-KY
.TW,5244,5244.TW,弘凱
.TW,5258,5258.TW,虹堡
.TW,5269,5269.TW,祥碩
.TW,5283,5283.TW,禾聯碩
.TW,5284,5284.TW,jpp-KY
.TW,5285,5285.TW,界霖
.TW,5288,5288.TW,豐祥-KY
.TW,5292,5292.TW,華懋
.TW,5306,5306.TW,桂盟
.TW,5388,5388.TW,中磊
.TW,5434,5434.TW,崇越
.TW,5469,5469.TW,瀚宇博
.TW,5471,5471.TW,松翰
.TW,5484,5484.TW,慧友
.TW,5515,5515.TW,建國
.TW,5519,5519.TW,隆大
.TW,5521,5521.TW,工信
.TW,5522,5522.TW,遠雄
.TW,5525,5525.TW,順天
.TW,5531,5531.TW,鄉林
.TW,5533,5533.TW,皇鼎
.TW,5534,5534.TW,長虹
.TW,5538,5538.TW,東明-KY
.TW,5546,5546.TW,永固-KY
.TW,5607,5607.TW,遠雄港
.TW,5608,5608.TW,四維航
.TW,5706,5706.TW,鳳凰
.TW,5871,5871.TW,中租-KY
.TW,5876,5876.TW,上海商銀
.TW,5880,5880.TW,合庫金
.TW,5906,5906.TW,台南-KY
.TW,5907,5907.TW,大洋-KY
.TW,6005,6005.TW,群益證
.TW,6024,6024.TW,群益期
.TW,6108,6108.TW,競國
.TW,6112,6112.TW,邁達特
.TW,6115,6115.TW,鎰勝
.TW,6116,6116.TW,彩晶
.TW,6117,6117.TW,迎廣
.TW,6120,6120.TW,達運
.TW,6128,6128.TW,上福
.TW,6133,6133.TW,金橋
.TW,6136,6136.TW,富爾特
.TW,6139,6139.TW,亞翔
.TW,6141,6141.TW,柏承
.TW,6142,6142.TW,友勁
.TW,6152,6152.TW,百一
.TW,6153,6153.TW,嘉聯益
.TW,6155,6155.TW,鈞寶
.TW,6164,6164.TW,華興
.TW,6165,6165.TW,浪凡
.TW,6166,6166.TW,凌華
.TW,6168,6168.TW,宏齊
.TW,6176,6176.TW,瑞儀
.TW,6177,6177.TW,達麗
.TW,6183,6183.TW,關貿
.TW,6184,6184.TW,大豐電
.TW,6189,6189.TW,豐藝
.TW,6191,6191.TW,精成科
.TW,6192,6192.TW,巨路
.TW,6196,6196.TW,帆宣
.TW,6197,6197.TW,佳必琪
.TW,6201,6201.TW,亞弘電
.TW,6202,6202.TW,盛群
.TW,6205,6205.TW,詮欣
.TW,6206,6206.TW,飛捷
.TW,6209,6209.TW,今國光
.TW,6213,6213.TW,聯茂
.TW,6214,6214.TW,精誠
.TW,6215,6215.TW,和椿
.TW,6216,6216.TW,居易
.TW,6224,6224.TW,聚鼎
.TW,6225,6225.TW,天瀚
.TW,6226,6226.TW,光鼎
.TW,6230,6230.TW,尼得科超眾
.TW,6235,6235.TW,華孚
.TW,6239,6239.TW,力成
.TW,6243,6243.TW,迅杰
.TW,6257,6257.TW,矽格
.TW,6269,6269.TW,台郡
.TW,6271,6271.TW,同欣電
.TW,6277,6277.TW,宏正
.TW,6278,6278.TW,台表科
.TW,6281,6281.TW,全國電
.TW,6282,6282.TW,康舒
.TW,6283,6283.TW,淳安
.TW,6285,6285.TW,啟碁
.TW,6288,6288.TW,聯嘉
.TW,6405,6405.TW,悅城
.TW,6409,6409.TW,旭隼
.TW,6412,6412.TW,群電
.TW,6414,6414.TW,樺漢
.TW,6415,6415.TW,矽力*-KY
.TW,6416,6416.TW,瑞祺電通
.TW,6423,6423.TW,億而得-創
.TW,6426,6426.TW,統新
.TW,6431,6431.TW,光麗-KY
.TW,6438,6438.TW,迅得
.TW,6442,6442.TW,光聖
.TW,6443,6443.TW,元晶
.TW,6446,6446.TW,藥華藥
.TW,6449,6449.TW,鈺邦
.TW,6451,6451.TW,訊芯-KY
.TW,6456,6456.TW,GIS-KY
.TW,6464,6464.TW,台數科
.TW,6472,6472.TW,保瑞
.TW,6477,6477.TW,安集
.TW,6491,6491.TW,晶碩
.TW,6504,6504.TW,南六
.TW,6505,6505.TW,台塑化
.TW,6515,6515.TW,穎崴
.TW,6525,6525.TW,捷敏-KY
.TW,6526,6526.TW,達發
.TW,6531,6531.TW,愛普*
.TW,6533,6533.TW,晶心科
.TW,6534,6534.TW,正瀚-創
.TW,6541,6541.TW,泰福-KY
.TW,6550,6550.TW,北極星藥業-KY
.TW,6552,6552.TW,易華電
.TW,6558,6558.TW,興能高
.TW,6573,6573.TW,虹揚-KY
.TW,6579,6579.TW,研揚
.TW,6581,6581.TW,鋼聯
.TW,6582,6582.TW,申豐
.TW,6585,6585.TW,鼎基
.TW,6589,6589.TW,台康生技
.TW,6591,6591.TW,動力-KY
.TW,6592,6592.TW,和潤企業
.TW,6598,6598.TW,ABC-KY
.TW,6605,6605.TW,帝寶
.TW,6606,6606.TW,建德工業
.TW,6625,6625.TW,必應
.TW,6641,6641.TW,基士德-KY
.TW,6645,6645.TW,金萬林-創
.TW,6655,6655.TW,科定
.TW,6657,6657.TW,華安
.TW,6658,6658.TW,聯策
.TW,6666,6666.TW,羅麗芬-KY
.TW,6668,6668.TW,中揚光
.TW,6669,6669.TW,緯穎
.TW,6670,6670.TW,復盛應用
.TW,6671,6671.TW,三能-KY
.TW,6672,6672.TW,騰輝電子-KY
.TW,6674,6674.TW,鋐寶科技
.TW,6689,6689.TW,伊雲谷
.TW,6691,6691.TW,洋基工程
.TW,6695,6695.TW,芯鼎
.TW,6698,6698.TW,旭暉應材
.TW,6706,6706.TW,惠特
.TW,6715,6715.TW,嘉基
.TW,6719,6719.TW,力智
.TW,6742,6742.TW,澤米
.TW,6743,6743.TW,安普新
.TW,6753,6753.TW,龍德造船
.TW,6754,6754.TW,匯僑設計
.TW,6756,6756.TW,威鋒電子
.TW,6757,6757.TW,台灣虎航
.TW,6768,6768.TW,志強-KY
.TW,6770,6770.TW,力積電
.TW,6771,6771.TW,平和環保-創
.TW,6776,6776.TW,展碁國際
.TW,6781,6781.TW,AES-KY
.TW,6782,6782.TW,視陽
.TW,6789,6789.TW,采鈺
.TW,6790,6790.TW,永豐實
.TW,6792,6792.TW,詠業
.TW,6794,6794.TW,向榮生技-創
.TW,6796,6796.TW,晉弘
.TW,6799,6799.TW,來頡
.TW,6805,6805.TW,富世達
.TW,6806,6806.TW,森崴能源
.TW,6807,6807.TW,峰源-KY
.TW,6830,6830.TW,汎銓
.TW,6834,6834.TW,天二科技
.TW,6835,6835.TW,圓裕
.TW,6838,6838.TW,台新藥
.TW,6854,6854.TW,錼創科技-KY創
.TW,6861,6861.TW,睿生光電
.TW,6862,6862.TW,三集瑞-KY
.TW,6863,6863.TW,永道-KY
.TW,6869,6869.TW,雲豹能源
.TW,6873,6873.TW,泓德能源
.TW,6885,6885.TW,全福生技
.TW,6887,6887.TW,寶綠特-KY
.TW,6890,6890.TW,來億-KY
.TW,6901,6901.TW,鑽石投資
.TW,6902,6902.TW,GOGOLOOK
.TW,6906,6906.TW,現觀科
.TW,6909,6909.TW,創控
.TW,6914,6914.TW,阜爾運通
.TW,6916,6916.TW,華凌
.TW,6918,6918.TW,愛派司
.TW,6919,6919.TW,康霈*
.TW,6923,6923.TW,中台
.TW,6924,6924.TW,榮惠-KY創
.TW,6928,6928.TW,攸泰科技
.TW,6931,6931.TW,青松健康
.TW,6933,6933.TW,AMAX-KY
.TW,6936,6936.TW,永鴻生技
.TW,6937,6937.TW,天虹
.TW,6944,6944.TW,兆聯實業
.TW,6949,6949.TW,沛爾生醫-創
.TW,6951,6951.TW,青新-創
.TW,6952,6952.TW,大武山
.TW,6955,6955.TW,邦睿生技-創
.TW,6957,6957.TW,裕慶-KY
.TW,6958,6958.TW,日盛台駿
.TW,6962,6962.TW,奕力-KY
.TW,6965,6965.TW,中傑-KY
.TW,6969,6969.TW,成信實業*-創
.TW,6988,6988.TW,威力暘-創
.TW,6994,6994.TW,富威電力
.TW,7631,7631.TW,聚賢研發-創
.TW,7705,7705.TW,三商餐飲
.TW,7721,7721.TW,微程式
.TW,7722,7722.TW,LINEPAY
.TW,7732,7732.TW,金興精密
.TW,7736,7736.TW,虎山
.TW,7740,7740.TW,熙特爾-創
.TW,7749,7749.TW,意騰-KY
.TW,8011,8011.TW,台通
.TW,8016,8016.TW,矽創
.TW,8021,8021.TW,尖點
.TW,8028,8028.TW,昇陽半導體
.TW,8033,8033.TW,雷虎
.TW,8039,8039.TW,台虹
.TW,8045,8045.TW,達運光電
.TW,8046,8046.TW,南電
.TW,8070,8070.TW,長華*
.TW,8072,8072.TW,陞泰
.TW,8081,8081.TW,致新
.TW,8101,8101.TW,華冠
.TW,8103,8103.TW,瀚荃
.TW,8104,8104.TW,錸寶
.TW,8105,8105.TW,凌巨
.TW,8110,8110.TW,華東
.TW,8112,8112.TW,至上
.TW,8114,8114.TW,振樺電
.TW,8131,8131.TW,福懋科
.TW,8150,8150.TW,南茂
.TW,8162,8162.TW,微矽電子-創
.TW,8163,8163.TW,達方
.TW,8201,8201.TW,無敵
.TW,8210,8210.TW,勤誠
.TW,8213,8213.TW,志超
.TW,8215,8215.TW,明基材
.TW,8222,8222.TW,寶一
.TW,8249,8249.TW,菱光
.TW,8261,8261.TW,富鼎
.TW,8271,8271.TW,宇瞻
.TW,8341,8341.TW,日友
.TW,8367,8367.TW,建新國際
.TW,8374,8374.TW,羅昇
.TW,8404,8404.TW,百和興業-KY
.TW,8411,8411.TW,福貞-KY
.TW,8422,8422.TW,可寧衛
.TW,8429,8429.TW,金麗-KY
.TW,8438,8438.TW,昶昕
.TW,8442,8442.TW,威宏-KY
.TW,8443,8443.TW,阿瘦
.TW,8454,8454.TW,富邦媒
.TW,8462,8462.TW,柏文
.TW,8463,8463.TW,潤泰材
.TW,8464,8464.TW,億豐
.TW,8466,8466.TW,美吉吉-KY
.TW,8467,8467.TW,波力-KY
.TW,8473,8473.TW,山林水
.TW,8476,8476.TW,台境*
.TW,8478,8478.TW,東哥遊艇
.TW,8481,8481.TW,政伸
.TW,8482,8482.TW,商億-KY
.TW,8487,8487.TW,愛爾達-創
.TW,8488,8488.TW,吉源-KY
.TW,8499,8499.TW,鼎炫-KY
.TW,8926,8926.TW,台汽電
.TW,8940,8940.TW,新天地
.TW,8996,8996.TW,高力
.TW,9103,9103.TW,美德醫療-DR
.TW,910322,910322.TW,康師傅-DR
.TW,9105,9105.TW,泰金寶-DR
.TW,910861,910861.TW,神州-DR
.TW,9110,9110.TW,越南控-DR
.TW,911608,911608.TW,明輝-DR
.TW,911622,911622.TW,泰聚亨-DR
.TW,911868,911868.TW,同方友友-DR
.TW,912000,912000.TW,晨訊科-DR
.TW,9136,9136.TW,巨騰-DR
.TW,9802,9802.TW,鈺齊-KY
.TW,9902,9902.TW,台火
.TW,9904,9904.TW,寶成
.TW,9905,9905.TW,大華
.TW,9906,9906.TW,欣巴巴
.TW,9907,9907.TW,統一實
.TW,9908,9908.TW,大台北
.TW,9910,9910.TW,豐泰
.TW,9911,9911.TW,櫻花
.TW,9912,9912.TW,偉聯
.TW,9914,9914.TW,美利達
.TW,9917,9917.TW,中保科
.TW,9918,9918.TW,欣天然
.TW,9919,9919.TW,康那香
.TW,9921,9921.TW,巨大
.TW,9924,9924.TW,福興
.TW,9925,9925.TW,新保
.TW,9926,9926.TW,新海
.TW,9927,9927.TW,泰銘
.TW,9928,9928.TW,中視
.TW,9929,9929.TW,秋雨
.TW,9930,9930.TW,中聯資源
.TW,9931,9931.TW,欣高
.TW,9933,9933.TW,中鼎
.TW,9934,9934.TW,成霖
.TW,9935,9935.TW,慶豐富
.TW,9937,9937.TW,全國
.TW,9938,9938.TW,百和
.TW,9939,9939.TW,宏全
.TW,9940,9940.TW,信義
.TW,9941,9941.TW,裕融
.TW,9942,9942.TW,茂順
.TW,9943,9943.TW,好樂迪
.TW,9944,9944.TW,新麗
.TW,9945,9945.TW,潤泰新
.TW,9946,9946.TW,三發地產
.TW,9955,9955.TW,佳龍
.TW,9958,9958.TW,世紀鋼
